genre_id,movie_id
12,2467
12,3463
9,1388
17,3570
14,3570
12,1826
12,4862
11,224
19,224
12,688
10,688
16,2281
11,2281
12,1778
11,2705
9,2705
12,4824
10,4824
19,4824
12,2928
19,2928
11,1338
12,1338
13,1338
11,1247
8,1247
11,4300
12,4300
7,4579
17,4944
4,4944
9,2224
12,1777
11,2194
4,751
12,1558
9,2353
4,27
17,4203
16,4203
11,4203
12,936
12,4962
9,4962
4,4962
12,1719
11,2254
19,1424
12,2863
13,2863
2,2863
17,3434
16,3434
12,3434
11,4843
8,4843
11,4270
14,4182
16,3943
5,3943
19,3943
11,3365
16,4354
1,4354
11,4354
11,4565
19,4565
17,4318
11,1969
9,2252
11,3849
9,3849
8,3849
12,3859
16,4294
5,4294
12,1404
4,3536
14,67
5,67
4,67
9,2833
17,1642
9,1642
4,1642
11,1971
12,3078
9,70
5,70
4,70
9,2634
4,2634
12,251
19,251
17,3858
17,2359
11,2359
9,2359
11,157
19,157
12,50
12,1378
7,4694
12,4694
19,4694
11,3771
9,3771
11,2596
11,944
11,1218
12,1218
9,1218
19,2627
11,3293
17,2593
12,2593
4,2593
11,2171
14,2934
12,2934
4,2934
9,581
4,581
12,704
12,211
17,1607
17,2331
9,2331
4,2331
9,4470
12,2713
12,2041
12,3336
4,2400
11,1072
12,1072
12,327
4,4440
4,109
12,4466
17,1915
12,1915
4,1915
11,3048
11,2692
12,2692
10,2692
9,2989
8,2989
4,2989
12,2201
12,1586
12,4392
8,4905
3,985
17,3131
16,4393
11,4393
12,4393
11,2093
12,1861
9,1861
4,1861
12,4104
15,4104
12,2070
6,2070
11,2867
12,2867
17,2053
11,2053
8,2053
11,3910
14,832
9,832
4,832
12,1798
9,1798
4,1798
17,4754
4,4754
11,1632
12,1632
11,2051
12,2051
5,2051
12,2780
19,2780
15,2780
16,3576
12,3576
13,3576
12,265
11,1671
19,4424
12,597
19,597
12,2925
12,226
11,2398
9,601
4,601
12,36
12,2772
12,319
3,965
11,298
14,298
12,298
11,4056
11,1596
11,615
11,15
9,3512
11,2554
12,2554
19,2554
11,4216
12,4186
15,4186
9,1585
12,314
12,1517
17,2045
7,3272
11,686
3,686
9,4195
9,2083
4,2083
17,3990
16,3990
12,3990
12,3302
12,1242
9,1242
5,1242
11,2751
17,2630
16,2630
11,2630
1,3106
11,3106
10,3106
12,2113
5,2113
19,2113
12,2793
13,2793
8,2793
12,3353
12,4362
12,2521
13,2521
17,215
11,215
11,3370
19,3370
9,1709
17,1068
14,1068
9,1068
11,52
19,52
12,784
20,784
19,784
19,1722
4,1550
11,2133
19,2133
16,4303
14,4303
12,4303
12,4286
12,2730
12,696
10,696
19,696
16,640
11,640
12,640
9,3531
5,3531
4,3531
7,4128
12,4128
5,4128
7,4950
18,4950
15,4950
12,2399
17,1961
11,1961
12,1961
11,2363
9,2363
14,1052
11,337
12,3101
5,3101
8,3101
11,3947
11,2986
14,2986
11,3056
12,3056
11,2381
1,4913
10,4913
8,4913
11,2155
12,2155
11,1916
11,3471
17,2822
11,2822
16,3415
1,4854
16,3227
13,3227
9,4057
5,4057
4,4057
11,339
12,339
12,3967
9,775
12,1256
12,1691
12,3586
5,3586
4,3586
12,4719
13,4719
9,4719
8,2195
4,2195
11,3720
11,602
12,602
7,4473
12,2008
12,3683
13,3683
4,3683
9,4759
11,2001
14,4868
9,4868
4,4868
11,880
11,1897
19,1897
8,1897
4,3285
4,1408
12,524
18,2197
17,3184
16,3184
1,3184
12,771
19,771
17,510
8,510
11,1260
14,1260
12,1260
12,4701
9,1216
17,2361
4,2361
9,1659
12,4289
12,3433
12,1147
12,2223
4,2223
12,4605
9,3930
12,2777
5,2777
15,2777
17,3063
14,3063
12,3063
12,1849
12,2429
5,2429
4,2429
12,3395
5,2369
15,4928
12,961
1,3163
11,3163
14,3163
11,1090
12,4510
9,2490
5,2490
4,2490
12,3521
11,2199
12,2199
19,2199
11,258
19,258
4,3852
17,2368
14,2368
12,2368
12,4116
15,4116
11,4293
12,4293
14,3578
5,3578
11,3700
19,3700
11,4082
12,3249
17,4638
4,4638
12,2940
11,3401
8,3401
11,4368
11,890
12,88
11,2800
12,557
1,921
14,2346
12,2346
9,2346
11,530
19,530
17,2746
16,2746
12,2746
11,2485
11,2532
9,2532
4,2532
12,2207
16,3212
11,3212
10,3212
11,4209
9,4209
11,334
14,334
12,334
11,3034
12,3034
11,3049
14,1130
12,1130
5,1130
17,1379
11,1379
14,1379
11,710
12,710
12,3324
11,2109
12,2109
19,2109
11,729
12,4826
9,4826
5,4826
11,516
11,424
14,424
12,424
17,2997
12,2997
4,2997
9,1182
5,1182
9,2213
4,2213
12,2929
11,2021
12,2021
19,2021
11,569
13,569
9,569
11,1213
9,1213
4,1213
11,4659
12,4659
19,4659
11,372
12,372
1,4939
11,2680
12,2680
11,3969
6,3969
4,3027
12,4287
7,1217
11,2523
12,2523
6,2523
12,3339
12,3186
19,3186
11,2384
11,2700
9,2700
12,2641
20,2641
19,2641
12,4652
12,3098
12,4381
12,4338
12,3991
12,4687
4,4687
12,934
9,545
11,4298
12,2477
12,1927
12,1560
12,103
13,2690
17,2241
11,2241
12,2241
14,2408
9,2408
4,2408
12,3854
11,2821
12,2821
16,4723
11,4723
2,4723
12,2000
9,2000
8,2000
12,3674
11,3495
4,82
8,3916
11,1663
17,2574
13,2574
9,2574
12,1964
3,994
12,4257
12,3961
10,3961
4,3961
4,1524
12,501
12,703
14,3309
9,2278
12,3865
17,2927
11,4555
14,4555
9,4555
12,4489
11,355
19,355
11,2355
17,2555
14,2555
4,2555
3,966
4,2
11,4942
14,4811
12,4811
4,4811
16,685
19,685
11,724
9,724
11,3633
12,3633
6,3633
17,1683
11,1683
11,4833
11,3688
11,2567
12,2567
19,2567
9,285
4,285
11,4331
14,4331
12,4331
12,121
19,121
17,2510
9,2510
5,2510
17,2902
17,2770
14,2770
12,2770
9,3252
4,3252
11,500
11,4041
17,371
14,371
12,371
12,4593
10,4593
11,767
12,767
19,767
11,4151
14,4151
12,4151
11,110
11,4019
12,1143
18,1143
12,2834
16,4427
11,1970
12,851
12,2622
12,599
16,1948
9,2244
4,2244
12,3491
11,3710
11,199
12,199
11,4061
12,4976
19,4976
16,2256
11,2256
8,2256
12,3219
5,3219
8,3219
1,149
11,149
8,149
11,1460
10,1460
19,1460
14,53
12,53
17,1202
14,1549
9,1549
5,1549
11,2917
17,2020
11,2020
14,2020
3,1523
11,4387
9,4387
4,4387
11,2531
12,2531
9,2531
11,3359
5,3359
17,2726
11,2726
11,2031
11,26
14,26
9,669
12,2957
12,1448
9,4051
11,3583
6,3583
19,3583
12,4788
11,638
12,638
13,638
12,518
9,2457
9,1955
9,907
12,4812
11,3421
12,4966
11,3757
11,2583
12,2583
4,2583
9,3829
8,3829
9,4935
14,2666
12,1372
12,4766
19,4766
11,2189
19,2189
12,532
12,859
11,3844
8,3844
12,2012
10,1847
11,1062
12,1062
6,1062
12,3635
5,3635
4,3635
11,3543
12,2841
12,1591
11,4955
11,702
9,702
12,3953
16,904
11,904
19,904
11,43
11,63
12,4179
10,4179
17,4431
1,4431
11,4431
12,3448
12,4714
11,2776
13,2776
9,2776
11,4297
12,1048
14,4255
4,4255
14,821
12,821
12,4267
20,1922
19,405
1,2868
11,2333
12,2333
7,1845
11,1845
12,1845
9,3298
4,3298
12,3972
12,3118
19,3118
9,1698
4,1698
11,4815
16,4472
11,4472
10,4472
12,3002
12,1420
11,2375
5,2375
12,4888
12,2695
11,1493
12,2165
4,3172
12,1502
6,4429
17,721
11,763
9,1526
4,1526
12,2191
13,2191
11,271
12,271
12,3591
11,2018
17,1214
11,1748
1,1570
11,320
19,320
12,3438
11,3940
11,967
12,1635
9,2220
11,1283
8,1283
12,3934
12,1830
17,296
11,296
12,1682
12,1732
18,1732
19,98
12,4239
9,4239
14,3291
4,3291
11,2154
9,3076
5,3076
4,3076
4,1251
4,3368
12,453
11,3154
11,2091
12,2091
19,2091
12,4010
9,4010
5,4010
14,833
12,833
4,833
16,3706
10,3706
4,2321
17,1510
9,1510
8,1510
9,2829
11,1536
19,1536
12,768
11,3343
19,3343
11,1277
16,1224
12,1224
10,1224
11,2226
12,3760
14,4462
4,4462
14,448
12,448
19,448
11,3768
11,4219
17,1795
12,1795
4,1795
12,3983
11,4342
6,4342
12,3468
12,1993
12,3340
13,86
9,86
11,3305
3,975
12,937
15,937
12,878
11,2472
10,2472
12,1837
12,332
5,332
4,332
12,1716
17,4863
11,4863
14,4863
12,1754
19,810
17,1934
8,3610
16,3279
11,3279
10,3279
12,4382
4,4382
12,4604
5,4604
19,4604
11,3655
12,3655
12,1905
11,2901
11,3519
12,3519
11,3746
12,1946
6,1946
12,3775
9,3540
14,4259
4,4259
11,1034
16,4556
12,1850
12,2932
9,2932
4,2932
12,2159
10,2159
12,4522
11,4528
1,2350
7,2350
10,2350
12,2728
11,468
17,3542
14,3542
12,3542
12,2424
12,4092
12,827
11,846
12,846
9,2319
11,4814
12,4814
9,4814
10,2148
9,3381
11,1236
14,1236
12,1236
18,3055
9,4075
4,4075
1,1127
11,1127
12,1127
8,4148
12,1413
17,1638
16,1638
12,1638
12,4358
12,2309
17,617
11,617
14,617
19,2034
12,2299
12,1443
13,1443
5,1443
12,1768
19,1768
12,3159
10,218
14,3371
12,3371
9,3470
4,3470
12,4884
19,4884
11,4519
4,1921
2,1921
11,2332
12,2332
19,2332
4,735
11,4046
12,2132
19,2132
11,410
12,410
12,128
14,3024
6,1064
12,3234
17,2274
11,2274
12,1337
9,1337
4,1337
12,4629
11,559
17,1839
14,1839
12,1839
14,3147
12,1856
6,1856
19,1856
11,3121
11,3766
19,3766
12,4133
14,4039
12,4039
5,4039
11,3925
19,3925
12,1309
12,4750
9,3897
11,146
12,701
17,1514
11,3429
12,493
12,1335
4,1335
12,1657
13,1657
9,1657
12,62
6,62
19,62
11,4898
17,1665
14,1665
12,1665
11,4398
9,4398
5,4398
12,1416
11,3510
17,3756
1,3756
11,3756
12,4805
17,267
12,267
9,267
14,4623
9,4623
5,4623
11,2612
13,2612
9,2612
12,3001
12,2791
12,1572
11,1073
11,1245
12,1245
19,1245
12,1752
4,1752
9,2865
5,2865
8,2865
11,2769
12,2769
9,1521
4,1521
1,3732
10,3732
11,4488
12,4488
10,4598
11,1907
9,3505
5,3505
4,3505
12,595
16,863
1,863
11,863
12,4621
10,4621
11,209
12,209
9,4527
12,4889
4,4889
12,1937
9,4945
4,4945
17,3020
9,3020
4,3020
14,331
12,331
11,84
19,84
5,2387
13,723
9,723
8,723
17,409
11,409
4,409
9,799
11,2138
12,2138
14,3171
11,2230
14,2230
17,2610
18,2610
15,2610
17,3507
12,2812
12,3162
6,1873
12,835
11,4486
12,4874
14,725
9,725
5,725
9,4212
12,3936
19,3936
12,2279
17,3356
11,1058
14,1058
11,1241
12,1241
4,4965
11,4129
9,4129
4,4129
11,165
6,165
11,3028
12,3028
19,3028
11,1814
14,1814
12,1814
11,1250
12,1250
12,2420
4,2420
17,1628
4,1628
14,4079
12,4079
19,4079
12,1574
9,945
12,2372
11,2560
12,2560
19,3974
9,4378
4,4378
5,1275
4,1275
16,124
11,124
12,124
11,95
11,2862
19,2862
7,3966
12,3966
10,3966
16,2947
12,2947
10,2947
17,1149
14,1149
16,871
12,1098
9,2945
12,363
11,4333
20,4333
19,4333
12,1725
8,1725
4,1725
19,136
12,3842
19,3842
11,1726
12,1726
12,1231
11,4919
12,4919
4,4919
10,1207
12,4391
13,4391
9,4391
12,2807
11,4367
11,2882
12,2882
11,531
11,2951
19,2951
17,1511
11,1511
9,1511
12,4756
16,4234
11,4234
12,4234
11,744
19,744
11,2820
16,2578
1,2578
11,2578
12,1314
11,3669
12,3669
10,3669
12,1859
14,3221
12,3221
12,3737
9,1627
12,3130
12,1179
9,1179
11,1492
9,1492
12,675
17,3886
5,3156
17,3422
11,3422
9,3422
12,778
11,624
12,624
17,2988
12,2988
9,590
4,590
17,4074
14,4074
12,4074
11,2105
9,2616
5,2616
4,2616
11,2163
9,2163
4,2163
17,2924
11,2924
14,2924
12,2291
12,2703
12,2371
11,59
12,59
19,59
11,1951
9,1951
4,1951
11,3982
12,3982
17,175
11,175
11,804
14,804
12,2473
12,3142
11,23
14,23
4,23
9,1626
12,2876
10,1016
11,4022
12,4022
14,1583
12,1181
9,1181
4,1181
1,2169
12,2169
18,2169
11,61
12,61
11,1490
12,1490
19,1490
9,584
4,584
13,4961
11,1146
12,1146
13,1146
18,1729
9,1743
8,1743
14,270
12,270
19,270
7,4467
12,4467
18,4467
12,74
13,74
11,677
12,677
11,4835
20,808
11,2302
12,2302
12,565
18,565
15,565
11,3380
12,3380
19,3380
11,513
12,513
17,3290
12,3246
4,1285
11,3789
4,3052
7,4492
17,718
4,2412
14,3424
12,2553
19,2553
1,3657
11,3657
9,3657
1,4645
12,4645
13,4645
11,4042
9,4042
12,3896
9,3896
5,3896
11,2632
13,2632
9,2632
12,274
11,3830
12,3830
11,3795
12,3795
12,691
4,3656
17,1422
9,1422
5,1422
3,980
12,217
12,946
9,2082
11,1974
12,3527
14,2068
12,2068
13,2068
11,38
12,38
19,38
14,1529
12,2380
19,2380
12,1797
14,4878
12,1054
19,1054
12,3892
19,3892
9,3344
5,3344
4,3344
11,10
12,10
5,10
11,4960
11,3679
7,541
11,541
16,216
12,216
17,3537
11,3537
12,3537
12,916
9,916
11,1301
14,1301
11,3046
12,3046
19,3046
11,254
12,254
9,1353
4,1353
12,2598
11,72
14,72
12,72
11,1486
12,1486
14,4346
12,4346
4,4346
11,1185
12,1185
19,1185
17,1414
12,1414
17,2501
12,2501
6,2501
12,2636
19,2636
12,4531
12,650
13,2980
9,2980
17,1936
14,1936
4,1936
11,1006
11,4864
19,4864
1,1141
11,1266
3,978
11,523
14,523
12,1208
12,1997
12,4735
17,3643
9,3643
3,3643
16,847
14,847
11,2158
9,2158
8,2158
17,4722
1,4722
11,4722
14,1929
12,1929
9,1929
17,4493
9,4493
4,4493
4,836
12,1941
13,1941
19,1941
9,4192
5,4192
4,4192
17,2541
4,2541
19,1390
17,699
14,699
12,699
17,3817
16,2126
1,2126
11,2126
11,1039
17,3555
8,3555
12,1336
17,4838
4,4838
12,3158
11,1067
9,1369
9,802
17,2739
8,2739
4,2739
12,1171
5,1171
11,161
9,161
8,161
12,202
11,3957
9,3957
5,3957
4,760
17,369
11,3637
12,770
11,857
12,857
14,172
12,172
4,172
11,164
14,164
5,164
11,4121
12,3651
9,3651
4,3651
17,534
14,534
12,3767
10,3767
17,3831
8,3831
4,3831
17,2009
16,2009
8,2009
11,4049
12,4049
12,4576
11,465
12,465
11,4217
12,2296
12,1721
11,1487
17,4416
14,4416
12,4416
11,2852
12,2852
19,2852
12,870
19,870
11,2249
12,2249
19,2249
12,1515
11,1087
17,4543
11,4543
11,2343
12,2343
11,3259
12,3259
11,2103
10,2103
19,2103
9,831
11,1713
12,1713
19,1713
3,989
11,561
12,561
11,811
12,811
13,811
17,3057
11,3057
14,3057
19,4657
12,163
4,163
12,2982
9,2982
12,4068
11,1500
16,772
12,772
8,772
16,2463
12,2463
3,2463
11,352
9,352
4,352
12,252
5,252
4,252
11,1537
12,1537
11,21
14,21
9,4667
4,4667
19,3086
12,413
4,1690
17,2280
14,2280
12,2280
12,3081
12,1877
15,3176
11,505
14,505
4,1334
11,3774
9,3774
4,3774
12,1265
11,3976
12,3976
13,3976
12,807
4,807
17,4520
12,4520
3,4520
7,1908
12,1908
18,1908
8,4885
4,3327
12,2097
11,159
12,159
11,3064
19,3064
3,3064
11,4469
9,4469
16,2123
1,2123
11,2123
14,879
12,879
5,879
11,3593
17,1201
12,4866
18,4866
4,4866
12,2603
8,2603
4,2603
11,4784
12,1998
18,1206
4,1206
11,3074
10,3379
13,3379
11,2891
12,2891
8,2891
12,2023
16,547
11,547
10,547
12,4154
19,4154
11,2442
12,2442
19,2442
12,1842
19,1842
14,2471
12,2471
14,1984
12,1984
18,1984
5,3631
19,3631
4,3631
14,3639
4,3639
17,960
14,960
12,960
4,4548
12,2548
4,2548
12,3552
12,4401
6,4401
19,4401
11,4301
12,4301
14,2819
12,2819
4,2819
17,325
8,325
11,2426
5,4650
17,1357
11,1357
9,1357
11,2063
12,2063
19,2063
12,1233
1,4443
11,4443
10,4443
11,506
14,506
11,1714
12,48
17,3474
14,3474
12,3474
11,3884
12,3884
9,3884
12,3762
14,3735
5,3735
4,3735
11,4153
6,4153
20,4153
12,3999
10,3999
9,4745
9,4285
17,3848
9,3848
12,106
12,3038
4,4323
14,3914
12,3341
10,3341
17,4312
17,45
12,45
4,45
11,3548
12,3548
11,4982
12,4150
11,3827
19,3827
12,1037
18,1037
7,1926
12,2492
11,4306
12,727
13,727
9,727
12,1601
11,828
10,828
19,828
12,2166
17,4376
14,4376
12,4376
14,3992
12,3992
4,3992
9,1956
19,1956
8,1956
17,3867
4,3867
12,1290
12,2352
11,2076
11,4635
12,1811
11,1807
17,4670
12,2866
11,380
14,380
12,143
9,750
4,750
4,3908
11,3818
12,3818
11,1249
12,1249
11,60
12,60
1,3745
9,3745
12,4481
11,1190
8,1190
11,1643
13,1643
9,1643
17,2227
5,2227
8,2227
12,546
13,546
18,546
12,1376
14,1121
9,1121
14,2884
12,2884
4,2884
12,1975
12,2385
12,3404
18,3404
8,3404
12,3945
12,1402
11,4371
14,4371
12,3045
8,3045
4,3045
12,4360
5,4360
4,4360
12,563
11,4037
6,1546
9,1567
16,1950
4,2480
17,1354
16,1354
8,1354
11,1892
19,1892
14,3242
12,3242
4,3242
12,3864
8,3864
4,3864
11,586
16,4501
10,4501
19,3894
3,974
9,3640
16,4430
1,4430
10,4430
12,3721
12,2650
9,2650
4,2650
12,3924
16,4180
12,4180
19,4180
17,1763
16,1763
12,1875
4,1875
13,2128
4,2128
17,1578
1,1578
12,1578
12,4602
17,1025
12,1025
19,1025
12,3165
17,382
4,382
12,707
11,234
11,2601
12,2601
11,3754
11,698
12,2144
12,2092
12,2482
5,2482
9,2206
4,2206
11,463
11,4273
18,4273
9,4273
11,2870
12,2870
17,855
4,855
12,3665
5,3665
4,3665
10,4465
16,4067
12,4067
10,4067
12,162
11,4125
11,306
12,306
19,306
17,3275
16,3275
1,3275
11,4236
9,1496
8,1496
12,3
10,3
2,3
9,25
12,787
19,787
12,4876
12,1633
12,4253
12,3050
11,1538
6,4601
19,3317
12,1313
16,3874
12,3874
19,3874
16,3277
12,4021
19,4566
16,4716
12,4716
17,4200
16,4200
15,4200
17,4134
12,4134
8,4134
10,1255
17,3447
9,3447
12,243
4,2102
17,3690
16,3690
11,3690
9,3554
11,558
9,558
14,2887
12,850
11,1555
12,3116
11,3192
9,3192
4,819
12,4841
12,4397
19,4397
16,4827
11,4827
8,4827
9,3311
5,3311
4,3311
12,2717
16,2304
11,1044
14,1044
12,1044
11,1344
19,1344
11,785
12,2657
5,2657
4,2657
7,1001
12,1001
18,1001
11,3337
11,3043
12,3043
9,3043
12,2729
11,447
11,2313
9,2313
4,841
14,4609
4,4609
17,3509
14,3509
11,3642
12,3642
12,4877
12,4929
12,37
11,449
12,4060
10,4060
12,2584
12,4547
9,4547
5,4547
10,3687
17,1197
11,1197
9,1197
12,1457
12,4098
4,3881
17,2211
16,2211
8,2211
9,2234
5,2234
8,2234
12,4771
12,3624
11,3862
12,1962
12,2152
19,2152
11,1702
9,1702
20,1702
12,3801
13,3801
11,1661
12,1661
19,1661
12,4143
12,4248
6,4248
11,4031
9,4031
5,4031
11,3460
12,3460
6,4071
17,4669
13,4669
9,4669
11,4053
12,4053
19,4053
4,2569
12,1235
17,1812
12,1812
2,1812
12,4464
11,1645
11,1608
10,1608
20,1608
12,4107
4,4107
11,4773
12,4773
11,1953
12,1953
11,1008
12,4762
9,4762
11,2963
12,2963
12,1831
17,133
14,133
5,133
12,4131
19,4131
11,3539
9,3539
12,3292
17,3714
17,1204
14,901
12,901
4,901
11,1782
1,4181
12,4181
13,4181
12,3606
7,3319
14,3319
4,3319
6,2673
12,3241
12,3294
11,598
10,3146
11,1656
12,1656
10,1656
11,24
9,954
4,954
12,4230
11,2297
19,2297
16,3240
11,3240
11,204
14,204
12,2397
5,2397
4,2397
12,1717
17,4526
9,4526
5,4526
12,1894
11,1267
19,1267
17,4340
9,4340
4,4340
18,959
11,2954
19,2954
12,2664
9,1367
17,2285
14,2285
4,2285
12,3169
16,1542
12,1542
19,1542
12,4619
11,4002
19,4002
12,4329
15,4329
11,1976
11,3484
12,3484
17,1479
9,1479
4,1479
12,3232
4,4258
11,1808
12,1808
19,1808
4,3846
11,1003
12,1003
19,1003
17,2983
9,2983
4,2983
17,1126
11,4193
10,4193
11,2919
19,2919
3,2919
12,1023
17,4640
17,4855
12,4855
16,3426
11,3426
16,2714
11,2714
12,1139
14,1505
11,639
12,639
9,639
7,2486
13,2486
12,1239
12,1021
11,4491
12,2844
18,2844
15,2844
11,1664
19,1664
11,3663
12,3663
19,3663
10,2125
17,3231
14,3231
4,3231
14,4540
12,4540
4,4540
16,4444
12,4444
4,4444
9,4920
14,3906
9,923
12,4740
12,2618
9,232
5,232
4,232
12,4384
10,4384
11,932
11,2693
14,956
12,956
9,956
12,1625
11,4504
12,654
14,3646
9,3646
5,3646
5,4351
11,4262
14,4262
12,4262
11,2458
12,1004
11,3203
9,933
12,2119
12,417
5,417
19,417
11,4006
12,4006
11,4024
19,4024
12,4478
9,4095
4,4095
11,2781
12,2406
9,2406
4,2406
9,4490
9,2215
9,3923
12,2089
11,2749
12,2749
19,2749
12,2099
11,3060
10,3060
19,3060
17,118
12,118
10,118
4,3876
11,1715
13,1715
12,1157
10,1157
14,2839
17,1649
16,1649
11,1649
12,3077
4,3077
12,3979
11,3141
12,3141
9,3141
4,4103
12,1234
9,929
19,3051
12,4377
10,4377
9,3632
8,3632
4,3632
11,1617
12,2860
10,2860
14,349
12,349
3,1269
12,4280
5,4280
4,4280
11,2933
20,2933
17,6
11,6
17,1834
4,1834
11,2544
12,2544
17,646
12,646
17,1678
16,1678
11,1678
16,4383
10,4383
12,1484
19,1484
12,4550
5,4550
4,4550
17,623
12,623
12,553
8,553
4,553
9,3575
5,3575
11,690
11,2930
11,2239
12,2080
19,2080
4,1636
12,1017
11,4979
19,4979
11,1880
12,1417
16,2273
1,2273
11,2273
9,310
4,310
1,4345
12,1827
3,987
11,3997
12,3997
19,3997
16,4309
12,4309
10,4309
12,1392
11,4781
12,4781
19,4781
4,2815
4,2856
11,1982
9,1982
4,1982
12,526
12,1059
19,1059
17,1391
11,3423
11,3820
14,3461
5,3461
4,3461
12,1644
11,764
12,528
19,528
9,223
7,4518
12,4518
19,4518
12,3905
4,3905
11,4014
11,4743
12,454
11,31
12,31
11,2782
9,2782
12,4205
9,4696
14,2747
11,1352
4,1352
11,1137
12,2522
12,1881
20,905
19,905
12,4145
12,2761
17,3863
8,3863
4,3863
12,1447
19,2073
9,4646
12,4681
14,442
5,442
11,4672
14,4672
12,4672
12,2401
4,1852
12,4671
17,3660
13,3660
4,3660
11,3289
12,3289
11,4080
12,4080
4,1902
12,3707
5,3707
12,3160
4,3741
14,3686
12,3686
4,3686
9,2232
4,2232
13,708
5,708
12,4718
12,3405
12,1162
11,2029
19,2029
11,4167
12,4167
19,4167
16,2538
11,2538
10,2538
12,3618
8,2283
12,237
11,1358
11,1080
12,1996
13,1996
9,1996
11,235
11,2872
12,4624
14,3931
12,3931
19,3931
12,3626
19,3626
14,626
9,626
5,626
11,2551
14,2386
12,2386
5,2386
9,1503
4,1503
11,4952
19,4952
11,1728
12,1728
13,1442
5,1442
3,995
10,1749
12,4188
4,825
14,4828
12,4828
3,4828
9,1278
8,1278
12,362
13,2571
9,2571
8,2571
12,895
19,895
9,2513
9,538
4,538
11,247
14,247
12,4477
9,4477
15,4477
11,3182
19,3182
12,4545
9,4545
5,4545
12,4226
9,2783
5,2783
12,4626
9,4626
5,4626
11,1209
12,1209
14,3166
4,3166
12,4749
9,4749
5,4749
12,3956
12,3964
11,4016
12,4016
17,2345
11,2345
9,2345
9,4243
12,3250
12,4554
16,3119
11,3119
10,3119
1,4937
11,4937
12,4937
12,580
9,2831
4,2831
12,77
12,105
16,2810
12,2810
5,2810
11,1091
9,613
8,613
12,2534
14,2190
12,2190
4,2190
14,754
12,754
5,754
11,1501
19,1501
12,1610
9,780
11,3490
12,3490
12,3813
13,3813
11,1261
11,1455
11,4468
12,4468
20,4734
12,1792
12,697
13,4790
5,4790
4,4790
4,852
11,2961
12,2961
11,3372
4,2469
12,2617
13,2325
6,2325
5,2325
9,4058
11,3878
12,3878
12,3786
10,3786
11,1189
5,583
4,583
12,3237
3,3237
11,4281
11,3475
9,4552
9,790
11,2948
12,3938
11,2140
3,2140
9,2497
4,2497
17,3733
11,3733
12,2192
19,2192
12,1860
9,2479
4,2479
17,58
4,58
9,2760
5,2760
4,2760
12,54
4,54
12,2417
11,1791
20,1
19,1
12,4658
12,214
18,3271
17,1107
9,4571
16,1049
4,1049
17,3382
11,3382
9,2967
9,2533
11,2419
14,2419
11,2890
12,2890
11,2246
9,2246
8,2246
11,3753
12,3753
13,3753
17,2824
16,2824
4,2824
12,2750
19,2750
17,2744
12,2744
4,2744
11,309
14,3499
12,3499
19,3499
11,4094
1,4117
17,4600
11,4600
14,4600
12,2137
12,1612
11,1237
12,1576
19,1576
17,4731
12,815
11,246
12,246
4,2848
11,3856
12,4968
10,4968
9,3557
4,3557
12,2448
19,2448
17,635
8,635
4,635
11,3879
12,3879
11,145
4,145
12,886
15,886
14,792
12,792
11,1862
12,3597
12,3350
11,170
12,4101
9,4101
11,3926
12,3926
9,2809
4,2809
12,2850
4,1903
12,4924
11,1522
17,116
14,116
12,4033
4,3628
9,2112
4,2112
11,2060
19,2060
12,4265
9,732
5,732
4,732
12,1177
7,1170
12,1170
13,1170
11,2360
12,1587
11,3828
12,3828
17,2677
16,2677
14,2677
11,3110
12,3709
19,3709
11,4911
11,3369
12,3369
19,3369
17,3070
11,3070
17,2106
16,2106
12,2106
16,4452
8,4452
9,2339
4,2339
12,649
4,649
6,1461
11,2799
12,4586
9,1108
4,1108
17,470
11,11
12,11
12,2151
11,3562
12,1681
19,1681
11,4048
12,3622
12,4344
8,4344
12,1463
9,1426
8,4631
11,3958
11,3891
8,3891
4,3891
12,2205
11,1733
10,1733
8,1733
9,949
12,2116
11,1794
19,1794
17,295
4,295
12,1407
14,94
5,94
19,94
2,317
12,1820
5,1187
4,1187
17,4822
16,4822
10,4822
12,2216
13,2216
2,2216
12,107
4,107
17,426
16,426
11,426
12,1395
4,1395
11,3909
14,2139
14,406
12,406
5,406
11,3902
9,3902
12,3790
8,2942
17,3504
16,3504
8,3504
12,193
12,2580
17,1282
9,3666
11,2516
17,1815
12,1759
9,176
4,176
9,1582
4,1582
17,2818
12,2818
4,2818
14,4580
12,4580
4,4335
11,3197
9,4476
12,788
11,4741
12,4741
17,667
12,667
13,1575
12,1758
13,948
5,948
7,3303
12,266
11,3501
11,2172
13,2172
19,2172
12,68
19,68
17,1744
14,1744
5,1744
12,2542
11,3833
12,3833
17,1153
11,1153
4,1153
12,2015
19,2015
4,1886
9,4971
5,4971
4,4971
12,4204
13,4204
11,179
19,179
12,2049
12,3185
12,1360
11,3599
12,3599
12,2373
5,2373
4,2373
17,2142
16,2142
4,2142
12,887
11,2259
12,2259
12,4059
9,4059
5,4059
17,2367
17,2953
11,2953
13,2953
17,2825
11,2825
6,4028
19,4860
9,1005
4,1005
17,1828
16,1828
11,1828
16,2995
12,2995
10,2995
17,719
14,719
12,719
2,1196
12,3644
12,4801
17,562
12,1483
17,3617
16,3617
13,3617
12,373
9,1105
11,737
12,737
19,737
12,1566
17,746
4,746
4,2493
12,3782
17,4005
16,4005
1,4005
7,731
9,3713
8,3713
4,41
12,3229
11,4206
14,1363
4,1363
2,1363
12,1727
9,1727
8,1727
12,4816
12,213
12,1124
12,1458
9,1458
5,1458
13,2330
5,2330
17,303
12,303
14,4869
19,4869
17,4549
16,4549
11,4549
11,4692
12,4692
12,1228
4,1228
11,2085
12,2085
5,2085
12,4794
12,3152
17,2356
9,2356
4,2356
12,3452
11,4641
17,1793
12,1793
17,1771
12,1771
4,1771
11,3912
9,3090
11,2907
12,4782
3,4782
13,4083
9,4083
8,4083
16,3308
11,3308
12,1027
9,1027
17,2086
9,2086
4,2086
12,1138
19,1138
12,249
5,249
19,249
11,4875
12,4875
11,3220
12,3220
8,3220
9,1018
11,4480
4,4480
12,4774
13,4774
5,4774
16,1274
11,1274
10,1274
16,269
12,269
12,1912
11,4909
12,4909
14,3860
12,3860
5,3860
17,3962
12,3962
11,2108
9,4923
4,4923
11,2936
12,2936
10,2936
16,4395
10,4395
12,3417
9,3015
10,4112
11,3692
11,1963
9,915
4,915
12,939
11,2100
12,399
19,399
12,3430
16,1150
10,1150
1,207
11,207
12,207
11,1421
11,229
12,229
5,229
17,1079
11,1079
14,1079
17,4521
11,4521
13,4221
5,4221
17,4596
12,4596
13,4596
12,2262
12,572
13,572
19,572
11,2413
3,1553
12,4514
12,4196
4,3029
17,4415
4,4970
16,2715
1,2715
11,2715
17,1200
12,682
4,682
12,3207
11,1462
12,1462
12,2225
4,2225
9,1531
12,2456
17,3535
18,1652
15,1652
13,4109
8,4109
12,3261
7,4237
14,4237
12,4237
11,1164
12,1164
13,1164
12,2767
11,4055
12,4055
19,4055
12,2709
12,3099
12,4038
16,4649
11,4649
5,4649
12,386
12,4157
17,73
14,73
4,73
1,874
16,4729
11,4729
19,4729
9,3377
12,4096
12,4573
6,1053
12,1994
17,614
1,4904
11,4904
10,4904
12,1156
14,3523
4,3523
12,641
12,3223
11,1957
12,1957
16,388
1,388
11,388
12,4703
17,4503
16,4503
9,4503
12,1704
12,519
12,1883
12,4780
11,2064
12,2064
11,2048
12,2048
11,2949
12,345
4,345
11,3748
14,3748
11,4778
19,4778
12,2157
14,1806
4,1806
12,1930
9,550
5,550
19,550
4,3065
17,1801
16,1801
10,1801
11,304
12,304
9,3016
5,3016
4,3016
11,769
12,1145
12,4156
12,3677
19,3677
17,3483
14,3483
9,4441
11,3564
19,3564
12,2122
13,2122
12,3922
8,2460
16,3392
12,4872
9,4872
5,4872
11,3444
9,3444
4,3444
16,3058
11,3058
13,3058
11,4313
16,305
11,305
10,305
9,800
17,2922
12,926
11,3446
9,3446
12,1910
9,1910
5,1910
12,3815
11,2738
10,2738
11,3875
12,3875
11,1112
9,4845
4,4845
17,4479
11,1401
12,1401
17,2390
9,2390
8,2390
12,2745
12,1318
1,2347
11,3464
12,3464
13,3464
17,928
16,928
1,928
12,2388
11,55
11,1804
19,1804
12,779
12,4099
16,3752
11,3752
8,3752
11,591
4,3283
12,4330
11,1449
12,1449
9,3608
5,3608
4,3608
9,4105
11,3764
11,421
12,421
17,2101
16,2101
11,2101
14,2036
12,2036
9,2036
4,4445
17,2787
13,2787
8,2787
12,3140
17,1833
11,3546
12,3546
11,3455
11,1756
19,1756
12,1605
12,1872
9,4374
5,4374
4,4374
17,4189
11,4752
17,643
16,643
14,643
19,3508
4,3508
12,717
12,4693
9,885
19,877
12,521
11,318
17,2067
9,2067
4,2067
14,2611
11,4146
12,4146
12,4616
14,1244
16,3749
12,3749
9,3749
11,2545
4,1115
11,755
5,755
19,755
1,2046
12,178
11,104
12,104
9,913
17,3514
9,3514
4,3514
12,4665
17,3287
5,3287
4,3287
9,2087
12,714
12,1063
16,1848
17,300
11,300
11,1101
19,1101
12,629
12,4618
19,4618
17,2084
11,2084
14,2084
12,407
12,3595
9,3486
12,909
11,4829
19,4829
11,4202
12,2570
9,3511
4,3511
14,1986
12,1986
12,2298
16,3398
11,3398
10,3398
4,3067
9,2200
11,2754
19,2754
11,496
12,496
12,1766
10,4110
4,2727
11,245
12,1028
12,4912
17,1799
9,1780
8,2022
4,2022
12,4000
12,1750
17,3362
16,3362
14,3362
17,3571
12,3571
10,3571
12,4628
14,4974
12,4974
4,4974
11,1954
19,1954
12,1289
17,1779
9,1779
12,173
4,173
11,2909
11,2547
14,2547
12,3740
9,3740
4,3740
11,3625
12,395
4,844
12,4069
19,4069
4,4069
11,3819
19,3819
17,3772
12,3772
9,3772
12,4359
19,4359
8,4359
12,1085
9,3137
4,3137
12,3987
19,3987
17,789
14,789
4,789
12,1428
13,1428
9,1428
17,3630
16,3630
1,3630
12,4390
16,515
11,515
10,515
11,660
11,100
19,100
11,1125
19,1125
12,2920
11,1194
10,1427
12,4532
12,3946
10,3946
11,1438
12,383
4,4857
12,1891
11,4578
12,4578
3,4578
12,4207
6,4207
11,4972
12,4972
19,4972
12,3155
17,3602
11,3602
14,3602
12,2647
16,228
11,228
10,228
11,2446
10,2446
19,2446
12,3427
9,4886
12,4027
11,3675
12,3675
19,3675
9,2993
4,12
12,2916
12,4569
9,435
12,1943
12,508
14,1760
12,1760
18,1760
12,1425
11,919
12,919
12,2888
12,1095
9,1095
5,1095
7,1113
12,1113
18,1113
14,1865
4,1865
11,1411
20,1411
17,92
5,92
4,92
17,4412
16,738
11,738
12,738
12,2778
5,2778
12,2906
19,2906
4,1076
11,348
17,2977
12,2977
19,2977
12,1718
9,3592
4,3592
11,673
14,3769
12,3769
4,3769
12,3611
11,2883
12,2883
12,1319
14,4625
17,3105
12,3105
13,3105
12,4454
11,4585
12,4585
12,4901
12,2455
9,2455
5,2455
12,4753
19,3411
12,2556
14,2266
4,2266
14,3120
12,3120
4,3120
17,4760
11,4760
14,3503
12,3503
4,3503
11,2699
12,2699
3,986
9,1533
9,2498
4,2498
8,4176
4,4176
12,2310
19,2310
12,4475
16,2564
11,2564
12,2564
11,2438
12,2438
6,2438
11,1343
10,1343
13,1343
9,837
17,85
12,85
12,3927
5,3927
4,3927
12,1870
11,4102
12,4102
13,4102
12,3363
12,1364
9,3233
11,3059
10,1755
9,1755
11,1093
19,1093
12,2233
16,1432
11,1432
12,4594
11,1468
12,1468
12,4899
1,4613
10,4613
12,1603
9,4220
4,867
17,273
12,273
9,2926
4,2926
11,668
12,668
11,1397
19,1397
17,181
11,4668
12,4668
16,1078
11,1078
11,872
20,872
17,3367
12,3367
12,3005
19,3005
17,2306
4,126
12,299
4,299
12,612
4,653
11,1580
12,3224
12,3672
5,3672
4,3672
11,642
12,642
12,4957
12,1740
12,2808
11,4577
4,4577
12,3406
12,4969
4,4969
11,2784
12,2784
14,367
12,367
4,4691
12,2039
10,2039
4,2039
17,4307
8,4307
4,4307
11,1238
12,1238
12,3996
6,3996
9,3787
4,3787
12,3601
16,397
4,397
16,2500
11,2500
19,2500
9,4587
5,4587
4,4587
11,4211
16,2668
9,952
5,952
4,952
9,4434
4,4434
12,1117
7,2318
12,206
19,206
4,3188
8,2660
3,992
3,4785
11,941
17,620
14,620
12,620
11,4498
12,4498
12,4900
12,2663
18,2663
19,2663
10,3951
11,2277
19,2277
17,1901
14,1901
12,1901
12,957
9,957
5,957
16,3986
11,123
19,123
12,988
5,988
19,988
17,3814
12,3668
11,658
9,4353
12,4364
12,4918
9,4918
5,4918
17,4439
17,2854
17,3366
12,3366
12,1384
5,1384
19,1384
12,30
19,30
4,30
17,2245
4,1787
1,3502
10,3502
17,3445
12,3445
4,3445
17,3328
13,3328
8,3328
9,745
17,2991
12,2991
19,2991
11,281
19,281
11,4483
11,1731
12,3407
19,3407
12,3975
9,4755
9,3888
11,307
12,2606
16,694
11,694
12,694
12,1813
4,1813
12,418
12,4291
9,3083
8,3083
4,3083
12,1796
13,2706
16,903
11,903
16,416
1,416
11,416
4,4612
11,1577
19,1577
7,3658
12,3658
19,3658
11,3071
5,3071
12,824
12,3281
1,3541
9,3541
5,3541
12,2414
12,4678
1,4197
4,2383
8,4698
14,4231
12,4231
19,4231
12,1554
9,4414
5,4414
4,4414
16,148
12,148
17,3013
16,3013
12,3013
9,942
11,1019
4,1019
14,592
12,592
19,592
11,1193
12,648
11,3396
12,3396
6,3396
12,2802
13,2802
19,2802
12,773
9,3012
8,3012
4,3012
4,2604
8,1662
12,2904
12,1920
17,4582
7,3959
11,4505
9,4505
9,1692
12,3826
18,3826
16,2444
12,2444
9,1545
4,1545
12,1094
4,1094
4,481
11,1694
9,1694
9,4859
5,4859
4,4859
12,2416
12,3202
9,3671
4,3671
14,2250
12,2250
19,2250
12,568
9,568
5,568
12,3467
12,2918
12,625
9,4108
8,4108
4,4108
9,135
4,135
17,1965
4,1965
12,2921
10,2921
17,3574
11,512
9,2181
12,1188
12,4830
11,3950
12,3950
11,3696
12,3696
12,656
12,1527
12,1106
12,1046
11,684
12,2671
3,2671
17,2589
11,2589
13,2589
17,3727
16,2214
11,2214
12,1810
9,3587
11,2837
9,2837
17,588
9,588
11,631
12,631
19,631
12,1118
11,3393
11,1739
6,1739
8,3544
12,1772
9,1772
5,1772
19,2341
11,137
19,137
11,940
12,940
11,1899
9,1899
16,720
14,720
12,720
12,1445
5,1445
4,1445
11,1579
19,1579
4,3122
16,119
1,119
11,119
12,509
12,1506
4,1506
11,376
12,376
12,2959
13,2959
19,2959
11,263
11,4682
12,4162
17,4126
8,4126
15,4126
9,3420
19,608
15,608
12,4160
16,1456
4,1456
11,3738
12,3738
11,391
12,391
14,3612
14,4113
12,4113
4,4113
11,3010
12,3558
19,3558
11,3883
12,2721
12,3901
11,4651
12,4651
11,2312
9,2312
4,2312
10,2708
20,4277
11,2806
12,2806
19,2806
11,728
12,728
12,1303
11,566
14,566
12,566
12,2496
4,2496
12,4807
11,3091
12,3204
9,3204
5,3204
12,490
19,490
11,71
10,938
12,4662
12,3073
12,2057
11,1685
14,1685
12,3014
19,3014
9,4171
5,4171
9,777
14,3496
12,3496
9,3496
4,460
12,1584
15,1584
11,4897
13,4897
9,4897
16,1480
12,4138
10,4138
4,4796
9,3649
4,3649
12,329
4,329
11,537
19,537
12,244
11,4013
11,1843
11,4208
12,4208
11,1919
12,474
10,474
17,5
16,5
13,5
12,4767
8,4767
4,4767
19,427
11,3547
12,3547
12,3781
11,4850
12,3037
12,4761
8,4761
12,1581
5,1581
9,1253
12,4155
12,2255
11,1488
19,1488
9,3378
12,4007
5,4007
17,315
12,315
12,1532
16,1677
11,4956
17,1703
14,1703
4,1703
11,1802
12,1802
9,1802
12,462
9,462
5,462
17,1199
12,19
12,210
12,1669
9,2946
17,3436
10,3436
12,3352
11,1631
12,1631
8,1631
11,1223
11,3866
14,3866
12,3866
17,4426
12,4426
11,1818
12,1818
19,1818
12,3855
13,3855
18,3855
17,390
4,390
12,2759
11,3295
10,3295
14,1383
12,1383
19,1383
11,4425
15,4425
11,1977
11,4715
11,687
12,2357
17,4020
9,4020
12,1836
19,3239
12,2179
14,3026
12,3026
18,3026
16,3641
13,3641
9,3641
11,2348
12,805
11,3021
12,3021
10,3021
12,2307
14,822
12,822
4,822
1,4793
12,2731
3,2731
12,3648
13,3648
12,341
12,4823
12,4825
17,655
12,655
11,2185
4,2535
11,3100
12,1646
11,3418
14,3418
12,3418
12,2404
11,440
12,440
9,440
12,3314
12,4266
11,672
12,3347
11,147
11,3572
12,3572
7,2619
11,2619
12,2619
12,4931
4,233
7,1259
12,1259
18,1259
9,4858
9,1939
14,4494
11,2228
11,396
12,396
11,1307
12,1307
19,1307
11,4637
12,2506
4,2506
12,2478
13,2478
9,2478
11,4438
12,4438
17,2960
9,2960
4,2960
11,713
12,2623
11,2530
12,3715
10,4034
12,2118
8,2118
12,1222
4,3694
11,385
12,385
19,385
14,1878
14,3697
5,3697
4,3697
19,1423
12,2741
12,2645
16,1734
12,1734
17,3920
14,3920
12,3920
12,3333
14,2124
12,2124
9,2124
12,2740
12,489
9,489
4,489
10,3435
12,4290
11,4448
16,2314
11,2314
11,2462
18,2462
6,2462
13,2775
9,2775
5,2775
16,2505
11,2505
12,4485
12,458
11,2264
7,1701
14,1701
12,1701
19,1519
12,4871
5,4871
4,4871
16,1809
11,1809
11,4264
9,4264
4,4592
14,2135
5,2135
4,2135
17,3590
14,3590
12,3590
9,2434
4,2434
11,1104
11,3600
12,3600
11,4282
12,4282
11,830
11,3520
12,3520
19,3520
4,2002
12,4717
9,4717
5,4717
7,3437
6,3437
12,401
9,3408
12,3821
11,706
10,706
11,2794
12,2794
12,2377
11,3199
12,81
19,81
11,925
13,925
17,3933
16,3933
1,3933
11,2832
19,2832
11,2208
14,2208
5,2208
12,2886
19,2886
12,4370
9,4370
5,4370
11,4132
12,4132
19,4132
12,544
11,3568
5,3568
4,3568
12,313
11,4120
12,543
11,1840
14,1840
12,1840
11,3178
9,171
5,171
8,171
9,1888
12,3269
10,3269
9,4284
4,4284
12,911
10,4553
16,4663
12,4663
17,2987
13,2987
8,2987
1,3326
7,3326
11,3326
11,3179
8,4973
11,4190
4,4190
5,3838
8,3838
4,3838
16,2563
19,2563
3,2563
12,3954
10,3954
12,3662
17,571
12,571
5,571
11,3454
16,3338
1,3338
8,3338
14,2193
12,2193
11,1362
19,1362
11,2212
11,4511
14,4511
12,4511
17,277
16,277
9,277
4,4408
12,1868
11,220
12,220
6,220
17,3885
14,3885
12,3885
11,2773
12,2773
11,3882
12,3882
12,4575
11,899
11,2804
14,525
12,525
4,525
14,798
12,798
5,798
8,3280
4,3280
9,4932
12,3973
9,3973
5,3973
4,2203
11,4085
10,4085
18,611
4,2395
11,1561
3,1430
17,4880
8,4880
4,4880
12,930
14,2449
9,2449
19,2449
14,683
12,683
4,683
12,2656
11,1879
12,1879
10,1879
12,4100
12,4742
4,4742
4,351
11,3717
12,3717
17,66
16,66
11,66
12,3522
13,3522
19,3522
11,2088
12,2088
10,2088
17,1695
14,1695
12,1695
12,3681
9,2859
4,2859
12,3529
17,4959
11,4959
14,4959
9,575
5,575
4,575
17,4348
12,2032
12,527
5,527
4,527
11,326
11,1398
9,3561
12,2702
11,2243
12,2243
19,2243
12,2292
11,3485
12,3485
16,4474
12,4474
12,1175
4,1175
10,4856
17,2536
14,2536
4,2536
11,1988
12,1988
3,1508
11,4574
17,492
12,2518
19,2518
12,4584
11,1720
9,4975
11,3917
4,1351
11,2365
12,3680
19,3680
12,826
16,4139
12,4139
11,2978
12,2978
12,3497
10,3497
12,4607
13,1389
9,1389
4,1389
11,2095
19,2095
20,1132
1,603
9,4563
14,343
12,4799
9,1980
8,1980
4,1980
14,1864
9,1864
5,1864
17,3695
14,3695
12,3695
12,2175
17,357
12,357
11,39
12,39
19,39
4,2114
14,4758
12,4758
4,4758
4,4906
12,2766
12,1399
11,2675
9,2675
8,2675
12,4328
6,4328
14,3173
12,3173
17,1928
4,1928
12,3431
14,3836
12,3836
4,3836
11,2958
12,2958
17,4948
12,3004
17,1854
11,1854
8,1854
12,3117
19,3117
14,184
9,184
4,184
16,3763
12,3763
12,924
13,924
17,288
14,288
7,2973
12,678
12,1871
12,403
8,403
9,1393
9,2711
18,918
4,4946
12,44
12,2115
20,2115
19,2115
12,1491
16,4314
12,605
13,605
5,605
17,283
12,283
8,3181
11,2204
12,4292
17,1639
13,1639
8,1639
14,951
12,951
19,951
9,3267
11,1446
11,3459
19,3459
14,3566
4,3566
16,4783
1,4783
11,4783
12,4495
10,4495
12,201
19,201
12,1341
19,1341
11,4508
12,4508
19,4508
11,1355
14,1355
4,1355
17,1686
16,1686
8,1686
11,3498
12,3498
3,993
9,3809
5,3809
8,3809
11,1478
14,1478
11,90
19,90
9,1184
4,1086
16,4936
11,4936
12,1167
4,4708
12,4183
5,4183
19,4183
17,2275
7,2275
12,2275
11,4252
12,726
11,2682
14,2682
19,2682
11,1989
12,2173
12,4599
4,4599
14,350
9,350
4,350
11,1648
9,1648
5,1648
12,3168
13,3168
12,4704
10,4736
16,236
1,236
11,236
14,3742
5,3742
4,3742
12,4017
9,1604
5,1604
4,1604
4,414
11,4050
12,4050
11,560
16,1339
11,1339
12,1339
11,4086
12,4086
16,13
11,13
10,13
14,477
9,477
5,477
11,2649
12,2649
19,2649
12,2147
1,4776
11,4776
10,4776
12,2286
9,3525
4,3525
11,1805
19,1805
11,900
12,4894
17,2565
12,2565
12,3636
8,3636
4,3636
11,1161
9,1161
5,1161
12,783
12,4349
12,1924
1,3164
9,1359
1,2869
11,2755
8,2755
4,2755
11,1917
20,1917
11,1294
12,579
16,908
1,908
11,908
11,3111
12,4111
11,32
12,1315
11,1382
12,1382
4,79
11,3832
12,3832
19,3832
12,1819
6,1819
19,1819
12,3724
11,1434
9,1434
12,3533
15,3533
16,4018
12,4018
6,4018
11,2450
10,2450
19,2450
12,2939
10,2939
17,467
4,467
5,4365
4,4365
12,1909
12,1470
9,1470
17,3296
4,3296
12,2607
11,2853
9,2853
12,3079
11,434
10,2998
11,1014
12,1014
12,4357
19,4357
12,1869
12,2287
11,3112
17,483
12,483
4,953
16,1437
12,1437
11,1687
19,1687
9,3664
2,3664
11,1292
17,3937
11,2638
5,2638
8,2638
4,1472
12,1688
11,666
12,666
19,666
11,1418
19,1418
11,3822
12,3822
13,3822
12,4705
12,3129
11,3193
11,884
14,884
10,884
7,3007
12,112
4,112
12,4779
12,286
5,286
8,286
14,3330
12,3330
4,3330
12,3413
12,2962
19,2962
9,2515
9,782
9,3482
11,3477
12,3477
10,3477
14,1855
12,1855
16,3441
1,3441
11,3441
4,2421
12,4768
9,4813
11,4428
12,4356
9,4356
16,3970
12,3970
5,3970
12,3025
19,3025
11,2010
12,1305
4,1474
16,4124
12,393
11,2873
6,2873
11,3331
12,2696
9,2696
5,2696
12,2405
8,3300
11,2072
12,2072
8,2072
12,1761
9,1761
12,2104
11,2644
19,3550
12,2033
1,4591
12,1757
5,2877
11,3565
12,3565
12,1419
19,1419
11,3399
9,4546
17,1904
14,1904
4,1904
17,3247
8,3247
4,3247
11,585
12,585
8,585
9,3348
4,3348
11,4978
12,4978
19,4978
12,1853
9,29
4,29
9,3228
9,4710
4,4710
11,1985
12,1985
1,2779
11,2779
12,2779
12,437
4,437
12,4043
16,461
9,803
5,803
4,803
11,3198
12,4803
12,2594
17,4892
16,4892
12,4892
11,80
12,80
9,2602
4,2602
13,1670
9,2562
5,2562
4,2562
11,3035
12,3035
12,4386
11,636
19,636
12,2762
13,1876
2,1876
11,1498
11,3230
9,1497
4,1497
9,2411
5,2411
4,2411
3,1365
12,4802
19,4802
11,4260
10,4260
4,4260
12,1495
5,1495
4,1495
5,1148
4,1148
12,3755
12,3161
11,2915
17,488
12,488
9,3128
12,3563
19,3563
11,4308
14,4308
11,2180
16,4446
12,4446
10,4446
12,4406
11,16
20,16
19,16
11,4279
13,4279
18,4279
17,4890
9,4890
4,4890
11,1033
17,610
17,1660
14,1660
12,1660
11,1158
19,1158
17,4256
14,4256
12,4256
12,4215
17,1543
12,1543
17,49
11,3274
12,1769
19,1769
11,3526
12,3526
19,3526
11,4332
9,3534
5,3534
4,3534
12,456
19,456
11,2065
12,1136
9,1136
8,1136
11,3960
10,3960
10,2431
12,1753
11,2661
11,2110
14,1465
12,1465
9,1465
9,1219
11,2059
12,2059
5,2059
1,1174
11,1174
12,1174
12,2651
11,259
11,1272
19,1272
12,1366
12,3968
18,3968
14,2704
12,2704
11,4400
12,4400
11,3214
11,1790
19,1790
12,2196
4,2196
12,574
12,680
3,968
11,865
12,865
19,865
12,3678
11,1618
12,1618
9,4159
11,4821
12,4726
12,632
19,632
12,4634
9,4302
4,4302
16,2423
7,2423
11,2423
11,138
12,138
9,4737
12,2260
19,3825
4,3825
7,3125
12,238
19,238
11,4810
8,4810
12,3201
12,361
17,2892
14,2892
12,2892
11,1312
12,1312
7,2525
12,2525
11,3744
11,795
9,795
8,795
11,3108
12,3108
16,4063
4,700
17,3023
9,368
4,368
11,180
12,4242
19,4242
17,551
12,551
12,2756
18,2756
15,2756
4,3981
16,2379
10,2379
17,2923
9,2923
4,2923
17,3487
16,3487
11,3487
9,712
12,4142
17,3175
14,3175
9,3175
11,3532
9,3532
5,485
4,485
12,4763
12,2235
4,4118
11,4372
19,4372
12,294
12,4435
10,4435
3,4435
7,4173
11,4173
12,4173
12,2170
12,422
12,1345
12,3708
12,2732
14,4065
12,4065
11,3315
9,3315
19,3315
12,3702
20,3900
17,1764
4,1764
11,1540
9,4818
5,4818
4,4818
11,793
12,793
19,793
17,1788
11,1788
10,1788
16,2338
12,1672
10,1672
11,3834
5,3834
17,1841
12,20
12,3806
13,2798
11,2579
12,2579
4,1089
17,3653
11,3653
9,3653
12,4268
11,3031
9,3031
17,1708
12,4559
1,4561
12,849
11,4680
7,141
12,141
11,1674
19,1674
12,1466
12,2985
5,2985
11,1415
11,3494
12,3494
4,3494
12,1737
10,3935
11,2652
12,2652
19,2652
9,1851
8,1851
4,1851
8,3453
11,225
6,225
19,225
11,3609
9,3609
12,441
11,3551
12,3551
12,4327
19,4327
12,3847
11,1784
13,1784
9,1784
7,618
12,618
6,618
12,344
6,344
12,1774
4,1774
12,3661
4,1931
11,2290
12,2290
14,3799
12,3799
5,3799
12,4910
14,253
4,253
12,1735
17,1055
12,1055
9,4246
8,4246
4,4246
1,4185
11,4185
14,4185
12,881
17,4317
11,4317
11,4032
12,4032
3,4032
11,2895
12,2895
14,2484
12,2484
4,2484
12,114
20,3041
17,1099
14,2672
4,2672
11,4341
3,1569
11,2540
12,2540
12,866
1,1684
10,1684
11,196
12,196
10,196
14,4627
12,4627
4,4627
12,3003
16,1525
10,739
7,2218
14,2218
12,2218
11,365
11,1320
19,1320
8,1320
14,3087
12,3087
9,752
5,752
4,752
12,604
11,272
12,272
12,661
11,1781
12,1781
5,1781
12,3456
10,3456
16,607
11,607
10,607
13,4106
9,4106
8,4106
7,3301
11,3301
12,3301
12,1316
11,1595
12,56
11,2253
12,1450
17,364
16,3545
12,3545
19,3545
12,2167
19,2167
17,3559
8,3559
4,3559
12,1667
9,4914
4,4914
11,4953
11,2035
6,2035
11,1325
9,1325
17,3582
16,3582
14,3582
17,3913
16,3913
11,3913
9,3095
12,3918
17,2248
11,2248
11,715
9,715
11,2543
12,2543
19,2543
9,753
11,1693
13,1693
8,1693
11,1535
12,3784
4,3784
11,1074
12,4557
19,4597
17,1624
17,1829
14,1829
11,1151
12,3816
5,3816
4,3816
9,2043
4,2043
11,1746
12,4238
17,996
12,3585
4,3585
12,1431
4,1431
14,2723
12,2723
12,2996
12,4084
19,4084
9,2631
5,2631
12,4334
11,3149
20,3149
8,3149
12,542
4,542
12,1012
12,1030
5,1030
4,1030
12,185
12,4706
11,514
12,4316
9,2127
12,1972
12,4172
9,4172
14,4847
12,4847
13,4847
12,4777
9,4777
4,4777
8,2546
16,3729
12,3729
12,2019
4,2019
12,1676
9,22
5,22
4,22
12,554
4,554
17,1356
17,4842
16,4842
18,4842
12,3257
4,689
5,4326
17,2875
12,2875
4,2875
12,4608
12,539
6,4542
17,2432
19,2432
12,3385
11,4251
11,2451
12,2451
3,982
17,4169
11,4169
12,4169
14,1590
4,1590
11,4789
12,4789
19,4789
11,392
12,4595
11,1459
9,1459
6,1459
1,2121
12,1959
11,4806
12,4806
8,4806
12,806
19,806
11,2549
9,2549
14,4442
12,4442
5,4442
12,2999
12,2974
4,2974
12,652
11,4363
11,2691
11,248
19,248
11,1710
11,3877
12,3877
9,4673
12,1724
9,1564
12,3880
12,894
12,1051
12,2468
11,4633
11,4502
12,4502
12,3783
16,1611
1,1611
11,1611
9,3097
12,647
17,2382
12,4839
13,4839
5,4839
11,4420
12,4420
11,1925
19,1925
20,2251
12,4533
19,4533
9,2687
11,2136
12,2136
12,40
19,40
11,2096
12,3109
11,2539
11,1770
14,1770
11,507
10,507
11,3589
12,3589
10,3589
9,843
9,1373
11,1013
12,1013
4,1013
12,2393
12,3857
11,2836
12,2836
4,4455
14,1110
5,1110
19,1110
17,3889
11,3889
14,3889
1,2801
11,2801
14,2801
4,3581
11,2712
8,2712
12,4538
10,4538
16,4770
11,4770
17,3607
11,487
13,487
9,487
16,2017
12,2017
19,2017
11,115
12,115
12,2736
11,433
11,3716
14,3716
19,3716
11,3778
12,3778
11,2968
12,3264
11,676
12,2054
9,4568
5,4568
4,4568
9,3053
12,415
12,902
4,902
14,3278
12,3278
4,3278
11,1061
10,1061
4,4831
14,262
12,262
3,984
11,3306
11,2269
12,2269
19,2269
3,977
11,1270
11,600
12,600
12,2591
12,3705
16,2293
11,2293
10,2293
11,1913
14,1913
12,1913
10,3209
4,2336
11,1923
11,2005
12,2005
12,2937
12,398
12,4925
9,4925
5,4925
9,3284
9,1699
5,1699
4,1699
12,276
16,2697
11,2697
12,2697
11,2609
10,2609
11,2107
19,2107
17,2981
16,2981
14,2981
11,375
13,375
9,375
9,1304
12,1528
2,4347
11,766
11,2585
12,2585
19,2585
9,3952
12,3167
11,2294
9,2294
5,2294
14,2597
12,2597
4,2597
12,167
19,167
3,167
11,791
12,791
6,791
17,2847
14,4295
12,4295
5,4295
12,4272
12,2443
19,2443
11,3518
9,3911
12,4895
12,2792
12,2276
11,4500
9,2662
11,4870
12,4870
4,671
12,2845
4,1077
12,2527
8,2527
11,2301
12,2301
12,3726
16,2748
13,2748
14,451
12,451
12,809
12,910
11,2758
12,2177
11,1056
13,1056
19,1056
12,4786
12,4036
12,4263
11,3603
9,3603
16,1824
7,1824
12,1824
12,2944
9,4380
12,2559
5,2559
9,761
12,289
16,4130
12,4130
10,4130
12,1264
14,1469
4,1469
12,2465
9,3994
11,2037
12,2037
17,4337
14,4337
12,4337
11,260
12,260
11,3904
19,3904
11,4164
10,4090
3,4090
14,1800
12,1800
9,1800
9,4087
12,3008
9,3008
4,3008
12,1452
9,1452
14,491
12,491
12,3143
17,4713
11,4713
13,4713
9,4119
19,4119
4,4119
17,4422
11,4422
16,3440
12,3440
17,1284
12,1284
9,3282
4,3282
12,1227
19,1227
4,1227
12,338
20,338
12,3800
17,1097
17,2030
9,2030
4,2030
11,4679
12,3270
12,4686
13,4686
11,1386
16,4319
11,4319
12,2284
12,466
9,466
5,466
5,2026
12,4677
12,1349
14,3843
12,3843
4,3843
12,3216
19,3216
11,1945
3,2303
11,1547
11,1651
11,4916
12,4916
19,3682
11,4757
12,4757
12,1658
12,633
13,633
5,633
10,3615
11,127
12,4941
11,1973
10,1973
19,1973
11,155
12,155
11,2210
14,2210
4,2210
12,2752
4,2752
12,1898
5,1898
4,1898
12,1120
8,1541
14,4837
12,4837
5,4837
11,914
12,914
19,914
9,3569
4,3569
17,1347
11,144
17,3478
11,3478
12,3478
12,3594
12,431
12,1280
14,2881
8,188
4,188
12,3761
13,3761
5,3761
17,2069
12,2069
8,2069
14,1279
4,1279
9,1116
5,1116
8,1116
4,7
12,4385
10,4385
12,2454
19,2454
11,4720
19,4720
9,1647
12,3200
11,2965
16,1992
1,1992
11,1992
12,3791
11,1650
11,749
19,749
9,4917
12,404
19,404
12,2718
13,1410
12,663
17,4820
11,4820
8,4820
13,3949
11,3538
11,3553
20,3553
19,3553
6,1333
7,1248
12,1248
11,198
11,1210
19,1210
12,3965
11,1154
12,1154
9,4325
5,4325
4,4325
11,1783
12,1783
16,3235
11,3235
10,3235
11,2843
12,1697
12,4487
12,1477
12,2453
11,4233
14,1042
4,1042
9,2042
12,3731
9,3731
5,3731
12,1281
4,1281
9,2654
9,3807
4,3807
1,2763
12,4922
17,3148
8,3019
12,2893
14,1706
4,1706
12,3500
12,3066
12,1111
4,1111
11,4411
14,3739
12,3739
4,3739
17,3388
11,3102
11,4958
9,1226
12,3194
11,2701
12,2701
13,2701
12,3488
19,3488
12,4700
9,4700
4,4700
11,4304
19,4304
12,1403
12,439
12,2512
19,2512
19,4184
12,1949
11,3329
19,3329
12,3042
9,3042
4,3042
11,3009
14,3439
4,3439
11,4296
12,4506
19,3907
12,4453
3,4453
16,2667
12,3989
11,2950
12,1433
12,4343
20,4343
19,4343
9,3253
11,2851
17,186
16,186
11,186
12,4748
12,692
19,692
12,1613
19,1613
12,4654
14,627
12,627
4,4149
12,1396
4,2268
12,150
18,150
12,4896
20,4896
11,4224
19,4224
12,3144
17,3325
4,3995
3,998
12,3476
9,3476
12,4350
11,316
14,316
12,3316
19,3316
12,1629
9,1629
5,1629
9,2897
12,336
4,336
11,3621
12,839
12,4093
12,3629
17,889
18,889
12,2162
12,4178
9,4178
5,4178
17,4926
12,4926
4,4926
12,1679
18,1679
15,1679
17,4123
14,4123
12,4123
11,241
12,3416
8,3416
17,356
16,356
12,3701
11,834
9,1938
17,4232
11,4232
17,287
4,287
13,4908
19,4908
11,4460
11,2903
12,1940
11,1128
19,1128
11,4707
12,4707
19,4707
17,3978
11,1140
11,1534
14,1534
12,1534
12,1516
12,108
9,3560
5,3560
4,3560
11,1311
14,1311
12,1311
12,3089
17,64
12,64
4,64
9,2494
17,2222
1,2222
12,4921
16,2403
12,2403
9,4245
5,4245
4,4245
11,1675
12,1944
12,882
19,882
4,882
11,3358
12,3466
4,2111
12,2502
19,2502
3,2642
11,912
19,912
9,4250
5,4250
8,4250
12,533
11,411
12,411
19,411
12,681
12,2071
5,2071
11,168
12,168
9,630
19,4746
4,117
14,4963
12,4963
1,4536
11,1598
10,1598
19,1598
17,3919
5,3919
17,1775
16,1775
14,1775
12,3400
4,3400
12,4451
7,1371
12,2639
12,2994
11,2374
12,2889
14,740
12,740
8,740
11,4832
12,4832
8,4832
12,4525
4,4525
16,999
11,999
10,999
11,619
12,619
10,619
10,2261
12,4418
9,2735
5,2735
4,2735
12,3383
17,2242
12,4008
12,2575
14,4035
11,1960
20,1960
19,1960
12,2742
12,4310
3,4310
11,1075
12,3798
11,1453
14,1321
12,4352
17,3084
9,3084
8,3084
11,297
14,297
5,297
11,2803
9,2803
4,2803
11,3323
12,3323
19,3323
12,142
4,142
9,3011
11,1588
17,2326
12,1885
19,1885
11,340
14,340
12,340
17,2221
12,2221
5,2221
9,876
5,876
12,1548
11,3409
12,3069
12,4432
16,3127
11,3127
12,3127
14,2156
12,2156
11,291
19,291
3,291
12,2476
9,2476
4,2476
12,1441
12,3647
6,3647
12,2062
8,4072
11,535
11,4930
12,4930
11,2528
12,3349
17,578
12,1471
6,1471
12,2146
11,1015
9,1015
3,1015
12,1035
17,3334
16,3334
11,3334
14,2440
12,2440
12,1454
4,1454
13,4044
5,4044
4,4044
12,896
19,896
4,1884
12,4227
17,1342
11,480
12,480
9,4622
12,1668
3,970
17,4158
11,4158
13,4158
12,4730
7,2813
12,2813
10,2813
9,2608
12,1751
9,4191
5,4191
4,4191
12,3238
11,1573
17,1987
4,1987
17,3730
8,3730
17,4311
14,4311
11,709
11,4603
11,2753
12,2753
10,2753
11,549
12,549
19,549
12,2014
11,1789
19,1789
12,3890
5,3890
4,3890
12,4241
14,4938
12,4938
4,4938
12,469
20,4497
11,284
7,2487
12,2487
18,2487
12,1747
12,261
12,4447
9,3893
11,634
11,1327
12,1327
8,1327
5,2910
12,4047
8,4047
4,4369
11,3667
12,3667
11,33
11,3712
12,3712
12,4852
9,475
12,2681
4,2508
12,4808
4,4808
11,1991
9,1405
4,1405
12,2648
5,2648
4,2648
12,1166
12,4433
11,2394
12,2394
9,3307
1,1476
11,4656
12,129
6,3386
12,3457
9,1134
17,503
16,503
11,503
14,89
12,89
4,89
12,1786
10,1786
5,1786
12,4653
11,1634
19,1634
10,3802
13,3802
19,3802
11,695
12,695
16,1736
12,1736
19,1736
12,1394
12,3623
18,3623
19,3623
17,1387
12,1387
5,1387
11,2871
11,432
4,432
11,1381
12,743
17,3998
11,1520
12,1520
12,1045
11,2289
10,2289
12,4218
12,3126
17,4152
5,4152
4,4152
11,4882
12,455
19,455
12,1489
7,3180
3,3180
11,4630
12,4630
12,4614
11,2337
12,3208
4,3320
11,3980
12,3980
19,3980
12,2605
13,2605
12,3123
12,2447
5,2447
19,2447
11,1024
12,1024
14,853
5,853
12,1308
14,2840
9,2840
5,2840
12,2238
11,4606
6,1621
14,748
12,748
4,748
12,3835
12,3598
12,497
12,1623
9,1623
8,1623
7,2857
12,2857
10,2857
1,1866
11,1866
12,1866
12,4127
8,4127
4,4127
10,2391
11,4482
11,1822
11,2566
2,2566
12,2674
12,4699
10,4699
9,4699
9,3861
4,3861
11,293
17,239
14,239
12,239
9,2130
12,3376
11,2637
12,2637
13,3850
11,4907
11,197
19,197
17,4165
3,4165
9,1220
4,1220
17,308
12,308
16,3577
11,3577
12,3577
9,1306
12,3213
11,1380
17,1041
8,1041
4,1041
14,786
12,786
12,2912
12,1874
12,99
19,99
12,3297
18,3297
4,3297
17,3492
9,3492
8,3492
12,205
5,205
4,205
9,2931
5,2931
11,498
4,498
17,4064
12,4064
12,3805
12,1257
4,1103
2,1103
12,3248
9,3248
4,3248
9,4457
12,1568
12,893
9,893
4,893
12,1680
12,2952
11,1022
12,3394
9,3394
5,3394
16,820
9,820
11,42
12,42
5,42
7,2517
14,2517
12,2517
12,3797
9,3797
5,3797
12,2587
14,1429
5,1429
4,1429
1,3915
14,255
12,255
19,255
12,2435
13,2435
20,2435
12,3596
17,328
14,328
12,328
17,3747
14,3747
12,3747
12,1592
17,2724
4,2724
12,374
8,374
11,1556
4,1556
11,4417
9,4751
4,4751
13,4012
9,4012
12,2187
12,3150
17,1952
12,1952
4,1952
11,2489
14,2489
16,3887
11,3887
11,4247
11,4683
12,4683
10,4683
11,4423
8,4423
14,3443
12,3443
19,3443
12,76
11,1606
12,1606
3,981
9,3054
8,3054
4,3177
12,151
12,1858
5,1615
17,4819
16,4819
4,4819
3,1513
9,1168
4,1168
11,1895
11,1666
12,1666
4,2149
11,282
14,282
19,282
16,4642
11,4642
8,4642
12,4697
8,2765
14,1374
12,1374
4,4517
12,1767
17,4003
14,4003
12,4003
11,2943
4,2943
16,1700
1,1700
11,1700
12,1071
11,1295
12,1295
1,759
12,759
13,759
12,2094
12,2653
12,2257
11,2422
9,2422
8,2422
17,1135
11,1135
12,1135
11,2830
12,3124
11,1504
14,1504
9,1504
11,2055
12,280
3,280
16,1131
11,1131
12,1565
12,1494
11,3873
12,3873
12,4588
9,4588
4,4588
11,2168
14,2168
12,2168
12,2774
3,2774
4,2774
4,705
11,971
9,971
11,444
12,444
9,2402
12,3033
12,1324
12,412
15,412
9,1252
4,1252
11,3971
12,3022
11,556
11,191
12,191
5,191
9,1440
11,4513
12,4513
9,4513
12,1330
12,1060
11,4927
12,4927
10,4436
17,2439
11,2439
11,4610
17,2178
11,2178
10,2178
12,2090
11,51
17,1436
16,1436
1,1436
12,1192
12,1263
11,1609
14,2529
8,4844
4,4844
11,1481
9,1481
11,3262
5,3262
4,3262
12,1707
12,4530
9,4530
4,4530
12,4198
8,4198
9,1846
4,1846
9,621
4,621
11,2633
12,2633
20,1935
17,3689
12,3689
9,3689
4,4764
11,1287
9,1406
8,1406
12,3620
12,4964
11,384
17,4535
14,4535
17,2796
12,2796
10,2796
17,370
14,4725
12,4725
5,4725
9,1232
11,4560
12,4560
19,4560
14,212
12,212
4,212
11,577
12,577
13,577
17,125
8,125
4,125
12,3364
12,1863
9,3811
11,2324
12,3039
14,4954
12,4954
11,1119
12,1119
10,1119
17,1559
12,1133
12,4800
14,2725
12,2725
11,3222
10,3222
12,2684
11,3824
9,3824
4,3824
16,711
11,711
12,711
12,2537
19,2537
17,4283
16,4283
11,4283
9,4721
9,4544
2,2058
11,1031
9,2025
12,3096
10,3096
13,3096
11,4305
11,1730
14,1730
19,1730
17,1340
16,1340
13,1340
9,65
4,65
9,3513
11,4011
4,4933
11,2016
11,1081
9,1081
8,1081
11,679
19,679
17,400
19,400
15,400
9,3871
9,2344
9,2817
5,2817
12,3837
10,3837
11,2427
12,2427
9,3650
5,3650
8,3650
12,134
17,1896
4,1896
11,741
12,741
11,1464
9,1464
4,1464
11,2056
10,2056
13,2056
12,1893
12,3384
9,2737
12,102
9,102
5,102
11,4320
10,4320
12,3017
4,3017
12,1444
11,1889
12,1889
10,1889
12,200
12,796
11,2790
6,2790
17,473
14,473
4,473
4,2896
2,2896
17,2209
2,2209
12,3734
11,2378
12,2378
11,2271
12,2271
4,3898
12,2913
11,4853
12,1183
11,4983
12,3080
12,3868
3,983
12,4792
10,4792
19,4792
12,4122
19,4122
14,2586
12,2586
10,2586
1,1122
17,3332
12,4840
11,1473
12,1473
12,2237
19,2237
11,2503
12,2503
11,4891
1,3299
11,3299
12,3299
17,1066
4,1066
12,1932
9,2688
8,2688
12,3397
9,4137
4,4137
11,848
12,848
3,848
17,4655
14,4655
11,378
12,378
12,665
16,3403
11,3403
12,2964
8,2964
4,2964
16,1109
12,1109
10,1109
11,4647
11,4733
10,4733
13,4733
17,2969
4,2969
12,2436
9,2436
5,2436
11,3516
12,3516
10,3516
17,1205
12,1205
8,1205
11,2733
11,156
10,156
11,402
19,402
12,3703
5,4558
12,3335
17,1773
16,1773
12,1773
4,1254
12,4407
4,774
16,3107
1,3107
11,3107
11,1967
19,1967
11,4674
12,1212
9,1212
5,1212
12,555
17,4459
8,4459
4,4459
11,4523
6,4523
4,4404
11,1738
6,1738
8,3853
12,4685
11,2145
12,2145
19,2145
12,4940
12,1900
12,4315
19,4315
11,2078
12,2078
19,2078
11,4450
14,4201
4,4201
16,140
11,140
13,140
11,845
9,845
12,4388
10,797
17,4515
14,4515
4,4515
12,4029
20,4029
17,2600
9,4887
5,4887
4,4887
11,3929
12,3929
10,3929
12,3145
18,3145
6,3145
12,4471
12,616
9,2075
11,1268
12,3722
12,3000
3,2911
12,4170
12,2134
12,346
11,838
12,838
11,594
5,2797
8,2797
4,2797
17,3939
12,2011
11,2905
12,4507
18,4507
15,4507
12,2694
20,2694
19,2694
7,1614
18,1614
11,3977
12,3977
13,3977
11,2519
12,2519
19,2519
14,4177
12,2396
12,4539
14,4461
4,4461
5,3796
4,3796
17,359
11,359
8,359
9,4728
5,4728
4,4728
9,2474
4,2474
12,2935
10,2885
3,2885
17,2007
12,2007
11,4254
12,4484
13,4484
19,4484
11,3276
9,3276
11,3472
12,3472
12,1298
12,1329
19,1329
1,2174
12,2174
13,2174
17,2640
12,3556
12,1990
12,2743
5,2743
9,2117
11,2425
5,2425
12,208
12,1246
16,2491
11,2491
19,2491
12,3062
12,3698
19,3698
8,3698
19,3255
9,922
12,419
11,69
19,69
17,2354
11,2354
11,4648
12,2811
19,2811
9,2409
12,502
17,1911
14,17
12,17
4,17
11,3419
12,3419
3,3419
12,1838
12,1602
12,4846
17,3251
7,3251
12,3254
12,2595
12,227
11,3190
9,582
11,1211
12,3312
12,4551
11,2719
17,2990
14,2990
5,2990
12,3684
9,888
5,888
9,573
5,573
8,573
14,3225
12,3225
4,3225
11,4402
12,1011
11,2679
12,2679
19,2679
11,3812
12,4437
12,4405
12,2433
17,1942
12,4066
10,4066
19,4066
11,2938
12,2938
19,2938
11,3351
19,3351
4,3351
17,3373
12,354
19,354
11,2263
12,2263
6,2263
12,2624
11,2971
12,2971
10,2971
11,158
18,4772
5,4772
4,4772
11,2288
11,2236
12,2236
19,2236
11,2710
16,2004
11,2004
11,2504
12,2504
11,494
11,868
12,868
12,567
12,4798
12,2878
19,2878
3,990
16,2161
1,2161
10,2161
12,3450
14,3870
12,3870
4,3870
16,1653
11,1653
12,1653
11,955
19,955
17,1435
11,476
11,3006
13,3006
8,3006
11,3357
6,3357
11,2335
12,2335
4,2335
11,2689
12,3196
17,4223
16,4223
8,4223
11,1823
12,1823
6,1823
12,4088
12,4804
4,4804
11,3205
12,3268
11,2678
9,3313
4,3313
17,517
12,517
4,517
17,2327
4,1887
9,4879
4,4879
12,2418
17,1597
11,1597
11,3355
12,3355
16,730
11,730
10,730
12,2849
9,2842
5,2842
4,2842
12,4396
5,4396
4,4396
9,4644
4,4644
12,3984
13,3984
11,2588
12,2588
4,381
14,122
12,122
4,122
11,716
14,4512
12,4512
5,4512
12,1968
4,814
11,2507
19,2507
17,4562
14,4562
4,4562
11,657
12,657
11,2040
9,2040
12,3792
12,4509
17,3948
12,3948
11,1332
16,3736
11,3736
8,3736
11,935
11,472
12,472
11,3770
12,4076
12,2874
11,2880
12,2880
19,2880
14,4516
12,4516
9,4516
12,606
11,3941
12,4943
11,3803
12,3803
9,3803
12,4620
11,152
13,152
14,943
12,943
12,860
9,3988
8,3988
4,3988
14,1412
11,4567
12,4567
19,4567
12,3676
10,3676
11,548
12,2270
4,2270
12,776
11,2349
12,2349
11,3170
12,897
19,2814
12,1010
11,2707
13,2707
19,2707
12,823
11,2771
12,4004
11,4775
12,552
13,552
11,1947
17,1914
1,1914
12,1914
12,3412
4,3412
13,3613
8,3613
9,1296
17,4269
12,4269
4,4269
12,482
9,482
19,482
12,2558
5,2558
4,2558
12,817
17,862
9,862
12,3342
9,3342
4,3342
3,964
12,2488
12,3410
11,4040
12,4040
12,2499
9,4951
12,457
8,1622
12,4168
14,4409
12,4409
15,4409
4,2716
11,3779
12,3779
10,3779
1,2764
11,2764
10,2764
17,2592
11,2592
19,2592
12,1020
3,1020
1,3061
11,3061
8,3061
11,4834
12,4834
12,1310
17,644
14,644
12,644
14,2828
12,2828
5,2828
11,4199
9,4199
4,4199
12,3605
12,2176
11,1705
12,2576
11,1563
10,1563
9,2143
4,2143
14,2676
12,2676
4,2676
2,931
11,2428
12,2428
11,3823
12,3823
19,3823
12,2582
9,2582
4,2582
12,3942
5,3942
4,3942
11,1689
19,1689
11,3473
12,438
16,3993
12,3993
14,3104
9,4001
4,4001
17,3286
12,4809
19,4809
12,1084
12,4664
9,4664
5,4664
12,1641
17,4399
16,4399
12,4399
12,2643
11,1243
12,1243
12,2855
6,2855
12,1562
11,1832
12,1832
19,1832
12,2389
11,1191
12,781
4,781
11,78
19,78
1,4903
12,4903
9,360
8,360
12,3136
19,1825
12,4617
1,1262
12,4222
11,311
14,311
1,1299
10,1299
11,3921
11,4366
10,3114
12,4867
11,609
4,4015
3,979
1,4228
10,4228
18,4228
11,3092
11,2975
12,2975
12,3195
9,3195
8,2785
4,2785
12,2720
4,2720
12,1385
1,3432
11,3432
13,3432
12,3318
11,2006
17,2858
11,2858
11,132
4,132
12,593
5,593
8,593
11,3627
19,3627
17,1742
11,1742
14,1742
17,279
11,279
20,279
12,14
4,14
17,651
14,651
4,651
17,3134
14,3134
12,3134
17,2698
14,2698
4,2698
5,4934
4,4934
11,3659
11,4410
7,3793
7,3573
12,3573
19,3573
17,3288
16,3288
11,3288
11,2044
9,2044
5,2044
12,4324
16,1409
1,1409
11,1409
11,1322
11,4893
11,628
12,4572
14,1348
5,1348
4,1348
11,2655
10,2655
13,2655
17,1539
12,3506
12,4590
12,4883
5,4883
8,4883
17,4690
11,4690
9,2524
5,2524
4,2524
12,4711
11,4274
12,4274
12,3869
12,2184
6,2184
19,2184
5,4449
4,4449
12,302
19,302
17,3088
12,3088
17,240
14,240
4,240
12,190
12,3895
9,3895
4,3895
9,2265
11,2340
9,2340
8,2340
11,3580
12,3580
14,1043
4,1043
11,869
10,869
17,927
11,2188
12,2188
11,3414
9,3414
1,4769
7,4769
12,4769
12,2300
11,194
11,3030
11,722
12,722
19,722
17,920
16,920
11,892
1,3243
11,3243
10,3243
11,2557
9,2557
5,2557
11,4709
14,4709
11,875
9,1000
12,2240
11,2669
19,2669
12,4977
10,4977
17,2628
11,2628
19,2628
12,3375
4,3375
12,4009
12,4676
11,2894
12,2894
11,2282
12,4147
13,3256
4,3256
12,3210
10,3210
19,3210
16,3616
12,3616
10,3616
13,3218
12,154
12,4712
12,2625
12,4187
10,93
11,3773
12,3773
11,321
12,4161
10,4161
16,4070
11,4070
12,4070
12,840
4,840
11,189
19,189
17,801
9,801
4,801
11,3579
12,3579
12,2552
5,2552
14,394
12,394
12,674
9,674
19,674
9,3103
12,1600
12,3245
4,3245
12,4849
12,1169
5,1169
12,4980
12,153
11,2066
12,2066
11,389
12,389
12,3138
12,564
12,3093
11,1328
12,829
12,2561
9,2561
4,2561
12,4045
9,1999
4,1999
11,330
17,3244
12,1288
13,1288
19,1288
12,1009
17,342
13,1995
9,1995
4,1995
17,366
19,2217
17,1654
11,1654
8,1654
12,4062
19,4062
4,4062
11,425
12,425
19,425
12,3374
4,3374
12,1370
9,1370
17,1029
11,1029
12,1029
12,290
12,2315
12,2186
12,4421
12,445
19,756
4,756
11,446
12,446
19,446
11,4052
12,1785
10,1785
12,4639
10,2153
17,1159
9,1159
8,1159
4,443
11,2992
9,2992
17,3189
11,130
14,130
12,2572
11,1765
19,1765
14,312
12,312
4,312
3,962
11,2908
9,2908
9,4981
5,4981
4,4981
12,131
19,131
9,1178
4,1178
9,3584
12,358
9,1803
8,1803
17,2686
8,2686
4,2686
9,4174
4,4174
12,3652
12,4413
12,1400
11,83
19,83
12,3614
19,3614
12,101
11,4915
11,2599
9,2599
4,2599
12,3139
9,3139
12,1439
9,3263
4,3263
11,1499
11,1557
11,3465
12,3465
19,3465
11,991
11,3479
12,3479
4,3479
11,4902
12,4902
10,4902
9,1979
17,2614
11,2614
9,2614
12,3718
4,3718
9,2364
4,2364
12,2329
4,2329
3,947
3,997
12,2768
9,2768
4,2768
12,2966
10,2966
11,659
12,1036
17,4115
2,4115
12,2481
12,4394
12,3765
9,3765
4,3765
17,1981
16,1981
12,1981
12,1978
11,2646
12,2550
4,2550
12,2615
12,3645
14,3387
12,3387
4,3387
11,3174
12,3174
11,1835
4,1835
12,3704
1,540
11,540
10,540
12,2734
17,1326
9,1326
4,1326
8,4403
4,4403
11,3133
12,2050
6,2050
19,2050
9,622
4,35
11,2247
12,2247
5,2247
1,1593
11,1593
8,1593
17,275
12,275
4,275
12,520
17,452
12,452
14,3390
14,4524
12,2509
9,2621
10,2366
14,1331
12,1331
17,2864
11,2864
14,2864
12,292
13,292
9,292
7,2342
12,2816
11,268
12,268
10,268
6,1958
17,4747
12,4747
9,4747
12,4023
12,2722
12,891
12,2899
19,2899
11,4456
12,4456
12,4795
19,4795
14,333
12,333
12,4529
11,113
17,765
11,765
12,765
11,4213
12,4213
12,1142
4,1142
11,2635
10,2635
4,4615
11,3113
12,3113
7,4144
12,4144
18,4144
11,2483
9,2483
4,2483
16,3872
11,3872
20,3872
16,4817
14,4817
12,4817
14,3549
12,3549
5,3549
12,3670
1,3932
17,2838
17,4361
16,4361
12,4361
12,169
9,169
4,169
9,4194
8,4194
12,1180
17,4881
11,2079
19,2079
16,2514
19,2514
17,1467
11,1467
12,1467
11,861
11,2141
6,2141
11,4136
3,4136
9,1240
4,1240
12,1038
11,3810
12,3810
11,2415
12,4275
9,4275
5,4275
11,192
12,4321
11,2077
9,504
4,504
11,4339
12,4339
11,222
10,222
11,1302
12,1302
12,2437
14,576
9,576
5,576
16,2445
11,2445
12,2445
12,693
11,856
10,856
11,4636
12,4732
6,3451
11,1857
4,1857
7,1026
12,1026
12,4836
11,2970
12,1882
12,3345
12,4389
4,4389
11,2258
11,430
19,430
17,2658
14,2658
12,2658
11,4797
8,4797
12,242
11,3985
12,3985
19,3985
9,1225
4,1225
19,87
14,4873
12,4873
14,257
12,257
4,257
12,662
17,2311
4,2311
17,733
11,733
14,4026
12,4026
12,3153
12,1114
19,1114
12,4534
13,4534
12,2526
10,2526
16,4373
1,4373
10,4373
12,1451
19,1451
14,645
12,645
4,645
12,3638
11,2272
9,2272
19,2272
12,1933
9,1933
5,1933
12,2577
5,2577
4,2577
3,963
5,1286
4,1286
11,4271
17,8
8,8
11,536
12,536
13,536
11,4861
12,4861
19,4861
11,3481
17,203
19,203
12,2670
11,3032
12,3032
6,3032
12,4660
12,166
9,4643
12,3588
5,3588
4,3588
14,4073
12,4073
12,219
12,4240
13,4240
8,4240
9,4666
4,4666
11,3493
12,3493
19,3493
11,428
12,428
9,160
5,160
4,160
11,1317
9,1317
17,873
11,873
12,335
12,2590
12,747
19,747
3,976
12,3776
6,3780
20,3780
11,182
14,182
14,1297
5,1297
4,1297
14,2900
12,2900
4,2900
5,4141
4,4141
11,4355
17,1346
12,1346
4,1346
17,4499
4,4499
12,3094
11,1186
12,4163
10,4163
18,4163
12,231
14,736
4,736
16,4458
11,4458
16,28
11,28
10,28
12,423
4,423
11,2229
12,2229
12,1712
17,4030
9,4030
4,4030
11,4375
12,4865
19,4865
12,1377
17,3354
16,3354
1,3354
11,4379
12,4379
16,3759
12,3759
19,3759
11,1983
12,1983
14,3524
12,3524
19,3524
11,2430
12,2430
10,2430
4,2459
11,2320
12,2320
8,2320
12,96
9,96
11,9
13,9
11,883
13,883
18,883
5,4661
12,3928
9,3928
5,3928
12,2495
11,4
19,4
8,2351
10,1512
11,4336
12,4336
10,4336
11,2316
11,1616
19,1616
12,4114
9,4114
4,4114
9,3072
5,3072
4,3072
11,1544
9,1544
8,1544
9,4054
4,4054
11,2452
12,2452
10,2452
4,3845
11,57
9,57
12,1057
10,323
12,4739
12,250
17,420
16,420
13,420
11,2464
9,818
11,3691
12,3691
19,3691
12,958
17,2441
11,2441
17,1173
12,1173
11,1123
12,1123
11,4166
12,4166
9,2626
4,2626
14,1552
17,3018
13,3018
5,3018
11,120
14,120
12,2573
12,1229
9,1050
4,3777
11,353
12,353
17,1530
12,4496
19,4496
12,4675
17,1203
12,1696
19,1696
17,3469
16,3469
13,3469
17,1293
14,1293
12,1293
12,2629
4,2629
12,2470
12,4097
4,2219
12,1589
12,4949
3,1258
9,484
5,484
4,484
11,3442
12,3442
6,3442
11,3151
12,3151
10,3151
12,3044
9,3044
4,3044
17,3604
12,3604
9,3604
12,1890
16,3036
9,3036
4,3036
17,471
14,471
12,471
12,4738
11,4632
14,4632
12,4632
16,3725
12,3725
17,2370
12,2370
12,1160
11,97
12,97
19,97
12,2182
19,2182
11,379
10,379
13,379
12,1172
17,3517
16,3517
8,3517
4,2183
12,4611
4,4611
11,2038
1,1599
17,1100
11,1100
14,1100
5,387
4,387
11,3458
12,3458
12,898
4,2013
11,1195
12,1195
19,1195
11,2323
14,2323
17,734
8,734
4,734
12,3955
12,4081
4,4081
9,3215
12,1485
4,1485
11,3115
19,3115
12,3743
19,2979
11,495
12,3346
19,2685
12,1762
10,1762
17,3808
8,3808
4,4848
4,4564
4,4322
9,854
4,854
12,4589
9,3183
8,3183
16,3804
1,3804
11,3804
12,3480
17,2410
12,3750
11,670
12,670
8,2659
11,3273
12,4688
19,4688
17,3944
16,3944
13,3944
11,2024
14,2024
5,2024
4,4947
11,4210
11,812
19,812
11,2334
12,2334
4,377
9,2956
5,2956
4,2956
9,1165
17,1002
17,1620
13,1620
9,1620
12,1745
3,1745
11,91
12,91
12,187
19,187
12,972
12,1482
12,3685
17,3693
4,3693
11,2052
12,2052
5,2052
9,3449
11,4570
12,4244
9,3085
7,3135
17,2823
16,2823
7,2823
17,3236
16,3236
1,3236
17,264
9,4684
5,4684
4,4684
11,2322
10,2322
19,2322
12,1323
5,1323
4,1323
17,3047
14,3047
17,2789
14,2789
12,2789
11,2826
14,2826
5,2826
11,596
6,596
14,2308
11,4225
10,4225
20,4225
12,1571
11,2898
12,2898
17,436
1,436
12,436
12,1129
9,464
8,464
4,464
11,529
12,529
19,2305
12,1144
4,3530
12,587
4,587
12,3851
10,3851
12,4288
11,1475
12,1475
5,1475
14,813
12,917
13,917
12,1507
11,3206
12,3206
12,4135
15,4135
14,1083
12,1083
4,1083
12,2003
11,3711
12,3711
17,183
14,183
12,183
12,762
12,4765
13,4765
19,4765
12,4695
17,3211
4,1271
17,2786
17,522
14,522
4,522
6,2976
12,3758
19,3758
10,2984
12,1630
12,3389
19,4463
11,2358
12,842
12,757
15,757
11,1711
13,1711
11,2511
11,1966
11,2129
9,2129
8,2129
12,2683
10,2683
4,2683
17,322
14,322
12,322
11,2362
8,3841
14,4419
12,4419
9,864
4,864
17,2835
11,2835
13,2835
4,2475
9,1844
17,3040
12,3040
4,3040
12,1817
9,3402
12,2805
17,1092
14,1092
12,1092
12,4727
4,4727
17,18
14,18
4,18
12,2098
11,1637
17,1300
12,4140
12,2879
11,3425
11,347
12,347
11,1350
11,2972
17,1918
15,1918
16,2795
11,2795
12,2795
12,2328
9,3899
8,3899
4,3899
11,4744
19,4744
5,3082
4,3082
11,3075
12,3075
19,3075
11,3728
12,1070
4,1070
12,478
12,499
17,589
17,1906
11,1906
14,1906
12,906
12,1640
5,1640
12,3673
9,2827
4,2827
12,3634
5,3634
4,3634
12,1065
12,1776
4,46
12,4299
12,2081
11,3794
19,3794
12,758
12,4261
7,47
12,47
20,47
12,2120
18,2120
15,2120
12,4967
4,2461
12,4091
4,4091
4,4078
7,3266
12,3266
9,2757
17,1198
12,1723
10,4791
13,4791
12,2466
9,4689
4,4689
9,1375
19,1375
12,2392
13,2392
19,2392
2,256
12,816
19,816
12,2164
8,2376
12,1276
12,2074
17,1047
9,1047
4,1047
12,1273
14,3191
4,3191
12,3361
16,2131
11,2131
14,2131
12,3321
11,1821
12,429
3,429
9,3699
8,3699
4,3699
12,4702
4,4702
17,3567
16,3567
11,3788
12,3788
12,2955
12,3489
13,3489
17,4537
12,408
7,3157
17,2047
9,4541
5,4541
4,4541
11,664
19,664
9,4787
4,4787
12,3619
4,637
12,3322
6,2027
4,4851
11,230
10,230
13,230
11,2520
13,2520
20,2520
9,2028
4,2028
11,1655
12,1655
19,1655
12,174
9,174
19,174
17,1361
12,1361
9,1361
11,1221
12,1221
17,1291
17,3723
18,3723
11,1619
11,4278
12,4278
16,4077
9,4077
12,3428
8,3428
4,3428
11,2150
12,2150
12,2788
10,2788
12,3654
3,969
18,4583
9,4583
4,4583
11,2941
12,2941
4,3840
11,1155
11,3528
14,3528
12,3528
11,1032
18,3963
17,4175
16,4175
11,111
11,742
14,742
12,742
3,2317
12,2061
12,511
11,950
11,3515
19,3515
12,34
4,34
11,1102
12,1102
10,1102
12,2914
8,2914
4,2914
12,570
3,570
9,1088
12,1069
12,3258
10,3258
10,2846
11,3226
12,3226
12,2620
11,221
11,4276
17,2198
11,2198
13,2198
11,2295
12,2295
11,1163
4,2665
6,301
8,301
12,1082
12,1368
12,1867
17,3068
4,3068
12,1518
4,1518
11,3310
12,3310
9,3310
12,1673
12,2861
19,2861
12,2407
17,1741
9,1741
12,2613
5,2613
4,2613
7,2267
11,2267
12,2267
12,3719
19,3719
16,3217
9,3217
4,3217
12,2231
4,2231
11,794
12,794
19,794
17,4025
11,4025
9,3839
5,3839
17,3360
11,3360
19,3360
10,1551
12,3187
12,1816
7,3304
9,195
5,195
4,195
12,4214
12,3462
5,3462
9,324
14,450
12,450
4,450
11,3785
17,973
11,973
14,973
17,1176
11,1176
4,1176
11,1007
14,1007
4,1007
11,75
10,2568
12,4235
10,4235
5,4235
5,4089
17,4229
14,4229
1,479
12,479
12,1152
11,1594
8,1594
14,2581
12,2581
5,2581
11,4249
9,4249
1,3132
11,278
9,139
4,139
11,177
9,177
11,1230
12,1230
19,1230
11,3265
12,3260
17,459
16,459
12,459
14,858
5,858
4,858
11,3751
12,3751
12,1040
19,1040
12,486
19,486
12,4724
5,4724
4,4724
9,1096
9,2202
11,1509
12,1509
10,1509
11,3391
9,3391
11,1215
2,1215
9,3903
9,4581
12,2160
